[  {    "type": "get",    "url": "getQuote/:jumlah",    "title": "Mendapatkan quote dari database secara acak sesuai jumlah",    "name": "GetQuote",    "group": "Quote",    "parameter": {      "fields": {        "Parameter": [          {            "group": "Parameter",            "type": "Jumlah",            "optional": false,            "field": "jumlah",            "description": "<p>Banyak quote yang ingin didapatkan</p>"          }        ]      }    },    "success": {      "fields": {        "Success 200": [          {            "group": "Success 200",            "type": "String",            "optional": false,            "field": "_id",            "description": "<p>id dari quotenya</p>"          },          {            "group": "Success 200",            "type": "String",            "optional": false,            "field": "quote",            "description": "<p>Isi dari quotenya</p>"          },          {            "group": "Success 200",            "type": "String",            "optional": false,            "field": "author",            "description": "<p>Pencetus quotenya</p>"          },          {            "group": "Success 200",            "type": "String",            "optional": false,            "field": "category",            "description": "<p>Kategori dari authornya, jika belum dikategorisasi, maka null</p>"          },          {            "group": "Success 200",            "type": "String",            "optional": false,            "field": "language",            "description": "<p>Bahasa dari quote tersebut</p>"          },          {            "group": "Success 200",            "type": "String",            "optional": false,            "field": "source",            "description": "<p>Sumber website quote tersebut</p>"          }        ]      },      "examples": [        {          "title": "Success-Response:",          "content": "HTTP/1.1 200 OK\n\t{\n   \"_id\": {\n\t        \"$oid\": \"57164739be1b0517794090ec\"\n\t    },\n\t    \"quote\": \"We know what we are, but know not what we may be\",\n\t    \"author\": \"William Shakespeare\",\n\t    \"category\": null,\n\t    \"language\": English,\n\t    \"source\": \"http://www.brainyquote.com/quotes/authors/w/william_shakespeare.html\"\n\t}",          "type": "json"        }      ]    },    "version": "0.0.0",    "filename": "app/Http/Controllers/JsonController.php",    "groupTitle": "Quote",    "sampleRequest": [      {        "url": "http://localhost/timAul/web/public/api/getQuote/:jumlah"      }    ]  },  {    "type": "get",    "url": "getQuoteByAuthor/:jumlah/:author",    "title": "Mendapatkan quote sesuai jumlah yang diminta dan berdasarkan Author yang diminta",    "name": "GetQuoteByAuthor",    "group": "Quote",    "parameter": {      "fields": {        "Parameter": [          {            "group": "Parameter",            "type": "Jumlah",            "optional": false,            "field": "jumlah",            "description": "<p>Banyak quote yang ingin didapatkan</p>"          },          {            "group": "Parameter",            "type": "Author",            "optional": false,            "field": "author",            "description": "<p>Quote yang dicari akan berdasarkan author yang dicantumkan. Note: Tidak harus full nama authornya, yang akan dicari nantinya adalah author yang mengandung kata tersebut</p>"          }        ]      }    },    "success": {      "fields": {        "Success 200": [          {            "group": "Success 200",            "type": "String",            "optional": false,            "field": "_id",            "description": "<p>id dari quotenya</p>"          },          {            "group": "Success 200",            "type": "String",            "optional": false,            "field": "quote",            "description": "<p>Isi dari quotenya</p>"          },          {            "group": "Success 200",            "type": "String",            "optional": false,            "field": "author",            "description": "<p>Pencetus quotenya</p>"          },          {            "group": "Success 200",            "type": "String",            "optional": false,            "field": "category",            "description": "<p>Kategori dari authornya, jika belum dikategorisasi, maka null</p>"          },          {            "group": "Success 200",            "type": "String",            "optional": false,            "field": "language",            "description": "<p>Bahasa dari quote tersebut</p>"          },          {            "group": "Success 200",            "type": "String",            "optional": false,            "field": "source",            "description": "<p>Sumber website quote tersebut</p>"          }        ]      },      "examples": [        {          "title": "Success-Response:",          "content": "HTTP/1.1 200 OK\n\t{\n   \"_id\": {\n\t        \"$oid\": \"57164739be1b0517794090ec\"\n\t    },\n\t    \"quote\": \"The best way to predict the future is to invent it.\",\n\t    \"author\": \"Alan Kay\",\n\t    \"category\": null,\n\t    \"language\": null,\n\t    \"source\": \"http://quotelicious.com/quotes/past-present-future-quotes\"\n\t}",          "type": "json"        }      ]    },    "error": {      "fields": {        "Error 4xx": [          {            "group": "Error 4xx",            "optional": false,            "field": "QuoteNotFound",            "description": "<p>Quote tidak ditemukan</p>"          }        ]      },      "examples": [        {          "title": "Error-Response:",          "content": "HTTP/1.1 404 Not Found\n{\n  \"error\": \"QuoteNotFound\"\n}",          "type": "json"        }      ]    },    "version": "0.0.0",    "filename": "app/Http/Controllers/JsonController.php",    "groupTitle": "Quote",    "sampleRequest": [      {        "url": "http://localhost/timAul/web/public/api/getQuoteByAuthor/:jumlah/:author"      }    ]  },  {    "type": "get",    "url": "getQuoteBySource/:jumlah/:source",    "title": "Mendapatkan quote sesuai jumlah yang diminta dan berdasarkan Source yang diminta",    "name": "getQuoteBySource",    "group": "Quote",    "parameter": {      "fields": {        "Parameter": [          {            "group": "Parameter",            "type": "jumlah",            "optional": false,            "field": "jumlah",            "description": "<p>Banyak quote yang ingin didapatkan</p>"          },          {            "group": "Parameter",            "type": "source",            "optional": false,            "field": "source",            "description": "<p>quotes yang diinginkan</p>"          }        ]      }    },    "success": {      "fields": {        "Success 200": [          {            "group": "Success 200",            "type": "String",            "optional": false,            "field": "_id",            "description": "<p>id dari quotenya</p>"          },          {            "group": "Success 200",            "type": "String",            "optional": false,            "field": "quote",            "description": "<p>Isi dari quotenya</p>"          },          {            "group": "Success 200",            "type": "String",            "optional": false,            "field": "author",            "description": "<p>Pencetus quotenya</p>"          },          {            "group": "Success 200",            "type": "String",            "optional": false,            "field": "category",            "description": "<p>Kategori dari authornya, jika belum dikategorisasi, maka null</p>"          },          {            "group": "Success 200",            "type": "String",            "optional": false,            "field": "language",            "description": "<p>Bahasa dari quote tersebut</p>"          },          {            "group": "Success 200",            "type": "String",            "optional": false,            "field": "source",            "description": "<p>Sumber website quote tersebut</p>"          }        ]      },      "examples": [        {          "title": "Success-Response:",          "content": "HTTP/1.1 200 OK\n\t{\n   \"_id\": {\n\t        \"$oid\": \"57164739be1b0517794090ec\"\n\t    },\n\t    \"quote\": \"The best way to predict the future is to invent it.\",\n\t    \"author\": \"Alan Kay\",\n\t    \"category\": null,\n\t    \"language\": null,\n\t    \"source\": \"http://quotelicious.com/quotes/past-present-future-quotes\"\n\t}",          "type": "json"        }      ]    },    "error": {      "fields": {        "Error 4xx": [          {            "group": "Error 4xx",            "optional": false,            "field": "QuoteNotFound",            "description": "<p>Quote tidak ditemukan</p>"          }        ]      },      "examples": [        {          "title": "Error-Response:",          "content": "HTTP/1.1 404 Not Found\n{\n  \"error\": \"QuoteNotFound\"\n}",          "type": "json"        }      ]    },    "version": "0.0.0",    "filename": "app/Http/Controllers/JsonController.php",    "groupTitle": "Quote",    "sampleRequest": [      {        "url": "http://localhost/timAul/web/public/api/getQuoteBySource/:jumlah/:source"      }    ]  }]
